episode,final position x,final position y,success,time taken
0,0.6386408812667257,0.013649001136072866,1,0 days 00:00:21.980048
1,0.6645599601218534,0.12720710701921312,1,0 days 00:00:22.310979
