episode,final position x,final position y,success,time taken
0,1.8941077559882982,0.1897313664342363,1,0 days 00:00:28.760553
1,1.905104380385968,0.19379623989975064,1,0 days 00:00:28.659012
2,1.9167645942380196,0.17886993838866289,1,0 days 00:00:29.422486
3,1.91768726958812,0.18303871138538041,1,0 days 00:00:29.161429
4,1.9116611086583466,0.1850627891513973,1,0 days 00:00:28.529496
